"root","course","file","hasSection","hasDemoBlock","hasHtml","hasImageLink","status"
"archived-courses","compiler-design","D:\app2\app\archived-courses\compiler-design\wiki\ast-construction.md","True","False","False","True","OK_VISUAL"
"archived-courses","compiler-design","D:\app2\app\archived-courses\compiler-design\wiki\bottom-up-parsing-lr.md","True","False","False","False","CAPTION_ONLY"
"archived-courses","compiler-design","D:\app2\app\archived-courses\compiler-design\wiki\calling-conventions.md","True","False","False","False","CAPTION_ONLY"
"archived-courses","compiler-design","D:\app2\app\archived-courses\compiler-design\wiki\cfg-transformations.md","True","False","False","False","CAPTION_ONLY"
"archived-courses","compiler-design","D:\app2\app\archived-courses\compiler-design\wiki\code-generation.md","False","False","False","False","MISSING_SECTION"
"archived-courses","compiler-design","D:\app2\app\archived-courses\compiler-design\wiki\code-optimization.md","False","False","False","False","MISSING_SECTION"
"archived-courses","compiler-design","D:\app2\app\archived-courses\compiler-design\wiki\compiler-overview-phases.md","True","False","False","False","CAPTION_ONLY"
"archived-courses","compiler-design","D:\app2\app\archived-courses\compiler-design\wiki\compiler-tools-flex-bison.md","True","False","False","False","CAPTION_ONLY"
"archived-courses","compiler-design","D:\app2\app\archived-courses\compiler-design\wiki\context-free-grammars.md","True","False","False","False","CAPTION_ONLY"
"archived-courses","compiler-design","D:\app2\app\archived-courses\compiler-design\wiki\control-flow-analysis.md","True","False","False","False","CAPTION_ONLY"
"archived-courses","compiler-design","D:\app2\app\archived-courses\compiler-design\wiki\data-flow-analysis.md","True","False","False","False","CAPTION_ONLY"
"archived-courses","compiler-design","D:\app2\app\archived-courses\compiler-design\wiki\dfa-minimization.md","True","False","False","False","CAPTION_ONLY"
"archived-courses","compiler-design","D:\app2\app\archived-courses\compiler-design\wiki\error-recovery-parsing.md","True","False","False","False","CAPTION_ONLY"
"archived-courses","compiler-design","D:\app2\app\archived-courses\compiler-design\wiki\first-follow-sets.md","True","False","False","False","CAPTION_ONLY"
"archived-courses","compiler-design","D:\app2\app\archived-courses\compiler-design\wiki\formal-languages.md","True","False","False","False","CAPTION_ONLY"
"archived-courses","compiler-design","D:\app2\app\archived-courses\compiler-design\wiki\garbage-collection.md","True","False","False","False","CAPTION_ONLY"
"archived-courses","compiler-design","D:\app2\app\archived-courses\compiler-design\wiki\index.md","True","False","False","False","CAPTION_ONLY"
"archived-courses","compiler-design","D:\app2\app\archived-courses\compiler-design\wiki\instruction-scheduling.md","True","False","False","False","CAPTION_ONLY"
"archived-courses","compiler-design","D:\app2\app\archived-courses\compiler-design\wiki\instruction-selection.md","True","False","False","False","CAPTION_ONLY"
"archived-courses","compiler-design","D:\app2\app\archived-courses\compiler-design\wiki\intermediate-code.md","False","False","False","False","MISSING_SECTION"
"archived-courses","compiler-design","D:\app2\app\archived-courses\compiler-design\wiki\interprocedural-analysis.md","True","False","False","False","CAPTION_ONLY"
"archived-courses","compiler-design","D:\app2\app\archived-courses\compiler-design\wiki\jit-compilation.md","True","False","False","False","CAPTION_ONLY"
"archived-courses","compiler-design","D:\app2\app\archived-courses\compiler-design\wiki\language-implementation-patterns.md","True","False","False","False","CAPTION_ONLY"
"archived-courses","compiler-design","D:\app2\app\archived-courses\compiler-design\wiki\lexical-analysis.md","False","False","False","False","MISSING_SECTION"
"archived-courses","compiler-design","D:\app2\app\archived-courses\compiler-design\wiki\linking-loading.md","True","False","False","False","CAPTION_ONLY"
"archived-courses","compiler-design","D:\app2\app\archived-courses\compiler-design\wiki\llvm-architecture.md","True","False","False","False","CAPTION_ONLY"
"archived-courses","compiler-design","D:\app2\app\archived-courses\compiler-design\wiki\loop-optimizations.md","True","False","False","False","CAPTION_ONLY"
"archived-courses","compiler-design","D:\app2\app\archived-courses\compiler-design\wiki\lr1-canonical-parsing.md","True","False","False","False","CAPTION_ONLY"
"archived-courses","compiler-design","D:\app2\app\archived-courses\compiler-design\wiki\nfa-dfa-construction.md","True","False","False","False","CAPTION_ONLY"
"archived-courses","compiler-design","D:\app2\app\archived-courses\compiler-design\wiki\overview.md","False","False","False","False","MISSING_SECTION"
"archived-courses","compiler-design","D:\app2\app\archived-courses\compiler-design\wiki\parsing.md","False","False","False","False","MISSING_SECTION"
"archived-courses","compiler-design","D:\app2\app\archived-courses\compiler-design\wiki\peephole-optimization.md","True","False","False","False","CAPTION_ONLY"
"archived-courses","compiler-design","D:\app2\app\archived-courses\compiler-design\wiki\placement-guide.md","True","False","False","False","CAPTION_ONLY"
"archived-courses","compiler-design","D:\app2\app\archived-courses\compiler-design\wiki\register-allocation.md","True","False","False","False","CAPTION_ONLY"
"archived-courses","compiler-design","D:\app2\app\archived-courses\compiler-design\wiki\regular-expressions-theory.md","True","False","False","False","CAPTION_ONLY"
"archived-courses","compiler-design","D:\app2\app\archived-courses\compiler-design\wiki\runtime-environments.md","True","False","False","False","CAPTION_ONLY"
"archived-courses","compiler-design","D:\app2\app\archived-courses\compiler-design\wiki\scope-binding-analysis.md","True","False","False","False","CAPTION_ONLY"
"archived-courses","compiler-design","D:\app2\app\archived-courses\compiler-design\wiki\semantic-actions.md","True","False","False","False","CAPTION_ONLY"
"archived-courses","compiler-design","D:\app2\app\archived-courses\compiler-design\wiki\semantic-analysis.md","True","False","False","False","CAPTION_ONLY"
"archived-courses","compiler-design","D:\app2\app\archived-courses\compiler-design\wiki\slr-lalr-parsing.md","True","False","False","False","CAPTION_ONLY"
"archived-courses","compiler-design","D:\app2\app\archived-courses\compiler-design\wiki\ssa-form.md","True","False","False","False","CAPTION_ONLY"
"archived-courses","compiler-design","D:\app2\app\archived-courses\compiler-design\wiki\symbol-table-design.md","True","False","False","False","CAPTION_ONLY"
"archived-courses","compiler-design","D:\app2\app\archived-courses\compiler-design\wiki\symbol-table.md","True","False","False","False","NO_VISUAL"
"archived-courses","compiler-design","D:\app2\app\archived-courses\compiler-design\wiki\syntax-analysis.md","True","False","False","False","CAPTION_ONLY"
"archived-courses","compiler-design","D:\app2\app\archived-courses\compiler-design\wiki\three-address-code.md","True","False","False","True","OK_VISUAL"
"archived-courses","compiler-design","D:\app2\app\archived-courses\compiler-design\wiki\tokenization-patterns.md","True","False","False","False","CAPTION_ONLY"
"archived-courses","compiler-design","D:\app2\app\archived-courses\compiler-design\wiki\top-down-parsing-ll.md","True","False","False","False","CAPTION_ONLY"
"archived-courses","compiler-design","D:\app2\app\archived-courses\compiler-design\wiki\type-checking-inference.md","True","False","False","False","CAPTION_ONLY"
"archived-courses","compiler-design","D:\app2\app\archived-courses\compiler-design\wiki\type-systems.md","True","False","False","False","CAPTION_ONLY"
"archived-courses","compiler-design","D:\app2\app\archived-courses\compiler-design\wiki\wasm-compilation.md","True","False","False","False","CAPTION_ONLY"
"archived-courses","computer-networks","D:\app2\app\archived-courses\computer-networks\wiki\arp-rarp.md","True","False","False","False","CAPTION_ONLY"
"archived-courses","computer-networks","D:\app2\app\archived-courses\computer-networks\wiki\bgp-interdomain-routing.md","True","False","False","False","CAPTION_ONLY"
"archived-courses","computer-networks","D:\app2\app\archived-courses\computer-networks\wiki\cdn-content-delivery.md","True","False","False","False","CAPTION_ONLY"
"archived-courses","computer-networks","D:\app2\app\archived-courses\computer-networks\wiki\csma-cd-ca.md","True","False","False","False","CAPTION_ONLY"
"archived-courses","computer-networks","D:\app2\app\archived-courses\computer-networks\wiki\dhcp-protocol.md","True","False","False","False","CAPTION_ONLY"
"archived-courses","computer-networks","D:\app2\app\archived-courses\computer-networks\wiki\dns-dhcp.md","False","False","False","False","MISSING_SECTION"
"archived-courses","computer-networks","D:\app2\app\archived-courses\computer-networks\wiki\encoding-modulation.md","True","False","False","False","CAPTION_ONLY"
"archived-courses","computer-networks","D:\app2\app\archived-courses\computer-networks\wiki\error-detection-correction.md","True","False","False","False","CAPTION_ONLY"
"archived-courses","computer-networks","D:\app2\app\archived-courses\computer-networks\wiki\ethernet-standards.md","True","False","False","False","CAPTION_ONLY"
"archived-courses","computer-networks","D:\app2\app\archived-courses\computer-networks\wiki\framing-protocols.md","True","False","False","False","CAPTION_ONLY"
"archived-courses","computer-networks","D:\app2\app\archived-courses\computer-networks\wiki\ftp-ssh-protocols.md","True","False","False","False","CAPTION_ONLY"
"archived-courses","computer-networks","D:\app2\app\archived-courses\computer-networks\wiki\http-https.md","False","False","False","False","MISSING_SECTION"
"archived-courses","computer-networks","D:\app2\app\archived-courses\computer-networks\wiki\icmp-ping-traceroute.md","True","False","False","False","CAPTION_ONLY"
"archived-courses","computer-networks","D:\app2\app\archived-courses\computer-networks\wiki\index.md","False","False","False","False","MISSING_SECTION"
"archived-courses","computer-networks","D:\app2\app\archived-courses\computer-networks\wiki\ip-addressing-subnetting.md","True","False","False","False","CAPTION_ONLY"
"archived-courses","computer-networks","D:\app2\app\archived-courses\computer-networks\wiki\ipv6.md","True","False","False","False","CAPTION_ONLY"
"archived-courses","computer-networks","D:\app2\app\archived-courses\computer-networks\wiki\mac-protocols.md","True","False","False","False","CAPTION_ONLY"
"archived-courses","computer-networks","D:\app2\app\archived-courses\computer-networks\wiki\multicast-routing.md","True","False","False","False","CAPTION_ONLY"
"archived-courses","computer-networks","D:\app2\app\archived-courses\computer-networks\wiki\nat-pat.md","True","False","False","False","CAPTION_ONLY"
"archived-courses","computer-networks","D:\app2\app\archived-courses\computer-networks\wiki\network-history-evolution.md","True","False","False","False","CAPTION_ONLY"
"archived-courses","computer-networks","D:\app2\app\archived-courses\computer-networks\wiki\network-security.md","True","False","False","False","NO_VISUAL"
"archived-courses","computer-networks","D:\app2\app\archived-courses\computer-networks\wiki\osi-model-deep-dive.md","True","False","False","False","CAPTION_ONLY"
"archived-courses","computer-networks","D:\app2\app\archived-courses\computer-networks\wiki\osi-model.md","True","False","False","False","CAPTION_ONLY"
"archived-courses","computer-networks","D:\app2\app\archived-courses\computer-networks\wiki\overview.md","True","False","False","False","CAPTION_ONLY"
"archived-courses","computer-networks","D:\app2\app\archived-courses\computer-networks\wiki\physical-layer.md","True","False","False","False","CAPTION_ONLY"
"archived-courses","computer-networks","D:\app2\app\archived-courses\computer-networks\wiki\routing-protocols-rip-ospf.md","True","False","False","False","CAPTION_ONLY"
"archived-courses","computer-networks","D:\app2\app\archived-courses\computer-networks\wiki\routing.md","False","False","False","False","MISSING_SECTION"
"archived-courses","computer-networks","D:\app2\app\archived-courses\computer-networks\wiki\smtp-pop3-imap.md","True","False","False","False","CAPTION_ONLY"
"archived-courses","computer-networks","D:\app2\app\archived-courses\computer-networks\wiki\ssl-tls-certificates.md","True","False","False","False","CAPTION_ONLY"
"archived-courses","computer-networks","D:\app2\app\archived-courses\computer-networks\wiki\subnetting.md","False","False","False","False","MISSING_SECTION"
"archived-courses","computer-networks","D:\app2\app\archived-courses\computer-networks\wiki\switching-bridging.md","True","False","False","False","CAPTION_ONLY"
"archived-courses","computer-networks","D:\app2\app\archived-courses\computer-networks\wiki\tcp-deep-dive.md","True","False","False","False","CAPTION_ONLY"
"archived-courses","computer-networks","D:\app2\app\archived-courses\computer-networks\wiki\tcp-flow-congestion-control.md","True","False","False","False","CAPTION_ONLY"
"archived-courses","computer-networks","D:\app2\app\archived-courses\computer-networks\wiki\tcp-ip-stack.md","True","False","False","False","CAPTION_ONLY"
"archived-courses","computer-networks","D:\app2\app\archived-courses\computer-networks\wiki\tcp-ip.md","True","False","False","True","OK_VISUAL"
"archived-courses","computer-networks","D:\app2\app\archived-courses\computer-networks\wiki\transmission-media.md","True","False","False","False","CAPTION_ONLY"
"archived-courses","computer-networks","D:\app2\app\archived-courses\computer-networks\wiki\transport-layer.md","True","False","False","False","CAPTION_ONLY"
"archived-courses","computer-networks","D:\app2\app\archived-courses\computer-networks\wiki\udp-real-time.md","True","False","False","False","CAPTION_ONLY"
"archived-courses","computer-networks","D:\app2\app\archived-courses\computer-networks\wiki\vlans-trunking.md","True","False","False","False","CAPTION_ONLY"
"archived-courses","computer-organization","D:\app2\app\archived-courses\computer-organization\wiki\buses.md","False","False","False","False","MISSING_SECTION"
"archived-courses","computer-organization","D:\app2\app\archived-courses\computer-organization\wiki\cache-memory.md","True","False","False","False","CAPTION_ONLY"
"archived-courses","computer-organization","D:\app2\app\archived-courses\computer-organization\wiki\cpu-architecture.md","False","False","False","False","MISSING_SECTION"
"archived-courses","computer-organization","D:\app2\app\archived-courses\computer-organization\wiki\index.md","False","False","False","False","MISSING_SECTION"
"archived-courses","computer-organization","D:\app2\app\archived-courses\computer-organization\wiki\instruction-set.md","True","False","False","False","NO_VISUAL"
"archived-courses","computer-organization","D:\app2\app\archived-courses\computer-organization\wiki\io-systems.md","False","False","False","False","MISSING_SECTION"
"archived-courses","computer-organization","D:\app2\app\archived-courses\computer-organization\wiki\memory-hierarchy.md","True","False","False","False","NO_VISUAL"
"archived-courses","computer-organization","D:\app2\app\archived-courses\computer-organization\wiki\overview.md","False","False","False","False","MISSING_SECTION"
"archived-courses","computer-organization","D:\app2\app\archived-courses\computer-organization\wiki\pipelining.md","False","False","False","False","MISSING_SECTION"
"archived-courses","computer-organization","D:\app2\app\archived-courses\computer-organization\wiki\risc-cisc.md","False","False","False","False","MISSING_SECTION"
"archived-courses","database-management","D:\app2\app\archived-courses\database-management\wiki\1nf-2nf-3nf.md","True","False","False","True","OK_VISUAL"
"archived-courses","database-management","D:\app2\app\archived-courses\database-management\wiki\bcnf-4nf-5nf.md","True","False","False","True","OK_VISUAL"
"archived-courses","database-management","D:\app2\app\archived-courses\database-management\wiki\concurrency-control.md","True","False","False","False","CAPTION_ONLY"
"archived-courses","database-management","D:\app2\app\archived-courses\database-management\wiki\db-architecture.md","True","False","False","False","CAPTION_ONLY"
"archived-courses","database-management","D:\app2\app\archived-courses\database-management\wiki\enhanced-er.md","True","False","False","False","CAPTION_ONLY"
"archived-courses","database-management","D:\app2\app\archived-courses\database-management\wiki\er-diagrams.md","True","False","False","True","OK_VISUAL"
"archived-courses","database-management","D:\app2\app\archived-courses\database-management\wiki\er-modeling.md","True","False","False","False","CAPTION_ONLY"
"archived-courses","database-management","D:\app2\app\archived-courses\database-management\wiki\functional-dependencies.md","True","False","False","False","CAPTION_ONLY"
"archived-courses","database-management","D:\app2\app\archived-courses\database-management\wiki\index.md","False","False","False","False","MISSING_SECTION"
"archived-courses","database-management","D:\app2\app\archived-courses\database-management\wiki\indexing.md","False","False","False","False","MISSING_SECTION"
"archived-courses","database-management","D:\app2\app\archived-courses\database-management\wiki\normalization.md","True","False","False","False","NO_VISUAL"
"archived-courses","database-management","D:\app2\app\archived-courses\database-management\wiki\nosql.md","False","False","False","False","MISSING_SECTION"
"archived-courses","database-management","D:\app2\app\archived-courses\database-management\wiki\overview.md","False","False","False","False","MISSING_SECTION"
"archived-courses","database-management","D:\app2\app\archived-courses\database-management\wiki\query-optimization.md","False","False","False","False","MISSING_SECTION"
"archived-courses","database-management","D:\app2\app\archived-courses\database-management\wiki\relational-algebra.md","True","False","False","False","CAPTION_ONLY"
"archived-courses","database-management","D:\app2\app\archived-courses\database-management\wiki\relational-calculus.md","True","False","False","False","CAPTION_ONLY"
"archived-courses","database-management","D:\app2\app\archived-courses\database-management\wiki\relational-model.md","True","False","False","False","CAPTION_ONLY"
"archived-courses","database-management","D:\app2\app\archived-courses\database-management\wiki\serializability.md","True","False","False","False","CAPTION_ONLY"
"archived-courses","database-management","D:\app2\app\archived-courses\database-management\wiki\sql-advanced-queries.md","True","False","False","False","CAPTION_ONLY"
"archived-courses","database-management","D:\app2\app\archived-courses\database-management\wiki\sql-aggregate-groupby.md","True","False","False","False","CAPTION_ONLY"
"archived-courses","database-management","D:\app2\app\archived-courses\database-management\wiki\sql-basics.md","False","False","False","False","MISSING_SECTION"
"archived-courses","database-management","D:\app2\app\archived-courses\database-management\wiki\sql-joins-deep-dive.md","True","False","False","False","CAPTION_ONLY"
"archived-courses","database-management","D:\app2\app\archived-courses\database-management\wiki\sql-subqueries.md","True","False","False","False","CAPTION_ONLY"
"archived-courses","database-management","D:\app2\app\archived-courses\database-management\wiki\stored-procedures-triggers.md","True","False","False","False","CAPTION_ONLY"
"archived-courses","database-management","D:\app2\app\archived-courses\database-management\wiki\transactions.md","True","False","False","True","OK_VISUAL"
"archived-courses","deep-learning","D:\app2\app\archived-courses\deep-learning\wiki\activation-functions.md","True","False","False","False","CAPTION_ONLY"
"archived-courses","deep-learning","D:\app2\app\archived-courses\deep-learning\wiki\attention-mechanism.md","False","False","False","False","MISSING_SECTION"
"archived-courses","deep-learning","D:\app2\app\archived-courses\deep-learning\wiki\attention-mechanisms.md","True","False","False","False","CAPTION_ONLY"
"archived-courses","deep-learning","D:\app2\app\archived-courses\deep-learning\wiki\backpropagation.md","False","False","False","False","MISSING_SECTION"
"archived-courses","deep-learning","D:\app2\app\archived-courses\deep-learning\wiki\batch-normalization.md","True","False","False","False","CAPTION_ONLY"
"archived-courses","deep-learning","D:\app2\app\archived-courses\deep-learning\wiki\bert-gpt-architectures.md","True","False","False","False","CAPTION_ONLY"
"archived-courses","deep-learning","D:\app2\app\archived-courses\deep-learning\wiki\bert-gpt-llms.md","False","False","False","False","MISSING_SECTION"
"archived-courses","deep-learning","D:\app2\app\archived-courses\deep-learning\wiki\calculus-dl.md","True","False","False","True","OK_VISUAL"
"archived-courses","deep-learning","D:\app2\app\archived-courses\deep-learning\wiki\cnn-architectures.md","False","False","False","False","MISSING_SECTION"
"archived-courses","deep-learning","D:\app2\app\archived-courses\deep-learning\wiki\convolutional-neural-networks.md","False","False","False","False","MISSING_SECTION"
"archived-courses","deep-learning","D:\app2\app\archived-courses\deep-learning\wiki\convolutional-operations.md","True","False","False","False","CAPTION_ONLY"
"archived-courses","deep-learning","D:\app2\app\archived-courses\deep-learning\wiki\diffusion-models.md","False","False","False","False","MISSING_SECTION"
"archived-courses","deep-learning","D:\app2\app\archived-courses\deep-learning\wiki\dropout-regularization.md","True","False","False","False","CAPTION_ONLY"
"archived-courses","deep-learning","D:\app2\app\archived-courses\deep-learning\wiki\efficientnet-mobilenet.md","True","False","False","False","CAPTION_ONLY"
"archived-courses","deep-learning","D:\app2\app\archived-courses\deep-learning\wiki\federated-learning-dl.md","True","False","False","False","CAPTION_ONLY"
"archived-courses","deep-learning","D:\app2\app\archived-courses\deep-learning\wiki\gans-architecture.md","True","False","False","False","CAPTION_ONLY"
"archived-courses","deep-learning","D:\app2\app\archived-courses\deep-learning\wiki\generative-adversarial-networks.md","False","False","False","False","MISSING_SECTION"
"archived-courses","deep-learning","D:\app2\app\archived-courses\deep-learning\wiki\index.md","False","False","False","False","MISSING_SECTION"
"archived-courses","deep-learning","D:\app2\app\archived-courses\deep-learning\wiki\interview-prep.md","False","False","False","False","MISSING_SECTION"
"archived-courses","deep-learning","D:\app2\app\archived-courses\deep-learning\wiki\knowledge-distillation.md","True","False","False","False","CAPTION_ONLY"
"archived-courses","deep-learning","D:\app2\app\archived-courses\deep-learning\wiki\learning-rate-scheduling.md","True","False","False","False","CAPTION_ONLY"
"archived-courses","deep-learning","D:\app2\app\archived-courses\deep-learning\wiki\linear-algebra-dl.md","True","False","False","False","CAPTION_ONLY"
"archived-courses","deep-learning","D:\app2\app\archived-courses\deep-learning\wiki\loss-functions-dl.md","True","False","False","False","CAPTION_ONLY"
"archived-courses","deep-learning","D:\app2\app\archived-courses\deep-learning\wiki\lstm-gru.md","False","False","False","False","MISSING_SECTION"
"archived-courses","deep-learning","D:\app2\app\archived-courses\deep-learning\wiki\multi-modal-learning.md","True","False","False","False","CAPTION_ONLY"
"archived-courses","deep-learning","D:\app2\app\archived-courses\deep-learning\wiki\neural-architecture-search.md","True","False","False","False","CAPTION_ONLY"
"archived-courses","deep-learning","D:\app2\app\archived-courses\deep-learning\wiki\neural-network-fundamentals.md","False","False","False","False","MISSING_SECTION"
"archived-courses","deep-learning","D:\app2\app\archived-courses\deep-learning\wiki\optimization-algorithms.md","False","False","False","False","MISSING_SECTION"
"archived-courses","deep-learning","D:\app2\app\archived-courses\deep-learning\wiki\optimizers-sgd-adam.md","True","False","False","False","CAPTION_ONLY"
"archived-courses","deep-learning","D:\app2\app\archived-courses\deep-learning\wiki\overview.md","False","False","False","False","MISSING_SECTION"
"archived-courses","deep-learning","D:\app2\app\archived-courses\deep-learning\wiki\perceptron-mlp.md","True","False","False","False","CAPTION_ONLY"
"archived-courses","deep-learning","D:\app2\app\archived-courses\deep-learning\wiki\placement-guide.md","True","False","False","False","CAPTION_ONLY"
"archived-courses","deep-learning","D:\app2\app\archived-courses\deep-learning\wiki\pooling-feature-maps.md","True","False","False","False","CAPTION_ONLY"
"archived-courses","deep-learning","D:\app2\app\archived-courses\deep-learning\wiki\pose-estimation.md","True","False","False","False","CAPTION_ONLY"
"archived-courses","deep-learning","D:\app2\app\archived-courses\deep-learning\wiki\positional-encoding.md","True","False","False","False","CAPTION_ONLY"
"archived-courses","deep-learning","D:\app2\app\archived-courses\deep-learning\wiki\probability-statistics-dl.md","True","False","False","False","CAPTION_ONLY"
"archived-courses","deep-learning","D:\app2\app\archived-courses\deep-learning\wiki\quantization-pruning.md","True","False","False","False","CAPTION_ONLY"
"archived-courses","deep-learning","D:\app2\app\archived-courses\deep-learning\wiki\recurrent-neural-networks.md","False","False","False","False","MISSING_SECTION"
"archived-courses","deep-learning","D:\app2\app\archived-courses\deep-learning\wiki\regularization.md","False","False","False","False","MISSING_SECTION"
"archived-courses","deep-learning","D:\app2\app\archived-courses\deep-learning\wiki\resnet-densenet.md","True","False","False","False","CAPTION_ONLY"
"archived-courses","deep-learning","D:\app2\app\archived-courses\deep-learning\wiki\self-supervised-learning.md","False","False","False","False","MISSING_SECTION"
"archived-courses","deep-learning","D:\app2\app\archived-courses\deep-learning\wiki\semantic-segmentation.md","True","False","False","False","CAPTION_ONLY"
"archived-courses","deep-learning","D:\app2\app\archived-courses\deep-learning\wiki\sequence-to-sequence.md","True","False","False","False","CAPTION_ONLY"
"archived-courses","deep-learning","D:\app2\app\archived-courses\deep-learning\wiki\speech-recognition-dl.md","True","False","False","False","CAPTION_ONLY"
"archived-courses","deep-learning","D:\app2\app\archived-courses\deep-learning\wiki\text-classification-dl.md","True","False","False","False","CAPTION_ONLY"
"archived-courses","deep-learning","D:\app2\app\archived-courses\deep-learning\wiki\transfer-learning-finetuning.md","False","False","False","False","MISSING_SECTION"
"archived-courses","deep-learning","D:\app2\app\archived-courses\deep-learning\wiki\transformer-architecture.md","False","False","False","False","MISSING_SECTION"
"archived-courses","deep-learning","D:\app2\app\archived-courses\deep-learning\wiki\variational-autoencoders.md","False","False","False","False","MISSING_SECTION"
"archived-courses","deep-learning","D:\app2\app\archived-courses\deep-learning\wiki\weight-initialization.md","True","False","False","False","CAPTION_ONLY"
"archived-courses","digital-logic","D:\app2\app\archived-courses\digital-logic\wiki\boolean-algebra.md","False","False","False","False","MISSING_SECTION"
"archived-courses","digital-logic","D:\app2\app\archived-courses\digital-logic\wiki\combinational-circuits.md","True","False","False","False","CAPTION_ONLY"
"archived-courses","digital-logic","D:\app2\app\archived-courses\digital-logic\wiki\flip-flops.md","False","False","False","False","MISSING_SECTION"
"archived-courses","digital-logic","D:\app2\app\archived-courses\digital-logic\wiki\fsm.md","False","False","False","False","MISSING_SECTION"
"archived-courses","digital-logic","D:\app2\app\archived-courses\digital-logic\wiki\index.md","False","False","False","False","MISSING_SECTION"
"archived-courses","digital-logic","D:\app2\app\archived-courses\digital-logic\wiki\logic-gates.md","False","False","False","False","MISSING_SECTION"
"archived-courses","digital-logic","D:\app2\app\archived-courses\digital-logic\wiki\memory-circuits.md","False","False","False","False","MISSING_SECTION"
"archived-courses","digital-logic","D:\app2\app\archived-courses\digital-logic\wiki\number-systems.md","True","False","False","False","CAPTION_ONLY"
"archived-courses","digital-logic","D:\app2\app\archived-courses\digital-logic\wiki\overview.md","True","False","False","False","CAPTION_ONLY"
"archived-courses","digital-logic","D:\app2\app\archived-courses\digital-logic\wiki\sequential-circuits.md","False","False","False","False","MISSING_SECTION"
"archived-courses","dsa-placement","D:\app2\app\archived-courses\dsa-placement\wiki\algorithmic-analysis.md","False","False","False","False","MISSING_SECTION"
"archived-courses","dsa-placement","D:\app2\app\archived-courses\dsa-placement\wiki\amortized-analysis.md","True","False","False","False","CAPTION_ONLY"
"archived-courses","dsa-placement","D:\app2\app\archived-courses\dsa-placement\wiki\approximation-algorithms.md","True","False","False","False","NO_VISUAL"
"archived-courses","dsa-placement","D:\app2\app\archived-courses\dsa-placement\wiki\arrays-and-strings.md","False","False","False","False","MISSING_SECTION"
"archived-courses","dsa-placement","D:\app2\app\archived-courses\dsa-placement\wiki\asymptotic-notation.md","False","False","False","False","MISSING_SECTION"
"archived-courses","dsa-placement","D:\app2\app\archived-courses\dsa-placement\wiki\avl-trees.md","False","False","False","False","MISSING_SECTION"
"archived-courses","dsa-placement","D:\app2\app\archived-courses\dsa-placement\wiki\b-trees.md","False","False","False","False","MISSING_SECTION"
"archived-courses","dsa-placement","D:\app2\app\archived-courses\dsa-placement\wiki\binary-search-trees.md","True","False","False","False","CAPTION_ONLY"
"archived-courses","dsa-placement","D:\app2\app\archived-courses\dsa-placement\wiki\binary-search.md","True","False","False","False","CAPTION_ONLY"
"archived-courses","dsa-placement","D:\app2\app\archived-courses\dsa-placement\wiki\binary-tree-advanced.md","True","False","False","False","CAPTION_ONLY"
"archived-courses","dsa-placement","D:\app2\app\archived-courses\dsa-placement\wiki\binary-trees.md","True","False","False","False","CAPTION_ONLY"
"archived-courses","dsa-placement","D:\app2\app\archived-courses\dsa-placement\wiki\bit-manipulation.md","True","False","False","False","CAPTION_ONLY"
"archived-courses","dsa-placement","D:\app2\app\archived-courses\dsa-placement\wiki\computational-models-and-analysis.md","False","False","False","False","MISSING_SECTION"
"archived-courses","dsa-placement","D:\app2\app\archived-courses\dsa-placement\wiki\data-structures-introduction.md","False","False","False","False","MISSING_SECTION"
"archived-courses","dsa-placement","D:\app2\app\archived-courses\dsa-placement\wiki\dp-patterns-advanced.md","True","False","False","False","CAPTION_ONLY"
"archived-courses","dsa-placement","D:\app2\app\archived-courses\dsa-placement\wiki\dp-strings.md","True","False","False","False","CAPTION_ONLY"
"archived-courses","dsa-placement","D:\app2\app\archived-courses\dsa-placement\wiki\dynamic-arrays.md","False","False","False","False","MISSING_SECTION"
"archived-courses","dsa-placement","D:\app2\app\archived-courses\dsa-placement\wiki\dynamic-programming-fundamentals.md","True","False","False","False","CAPTION_ONLY"
"archived-courses","dsa-placement","D:\app2\app\archived-courses\dsa-placement\wiki\euler-path-circuit.md","True","False","False","False","CAPTION_ONLY"
"archived-courses","dsa-placement","D:\app2\app\archived-courses\dsa-placement\wiki\fenwick-trees.md","True","False","False","False","CAPTION_ONLY"
"archived-courses","dsa-placement","D:\app2\app\archived-courses\dsa-placement\wiki\floyd-warshall.md","True","False","False","False","CAPTION_ONLY"
"archived-courses","dsa-placement","D:\app2\app\archived-courses\dsa-placement\wiki\graph-advanced-algorithms.md","True","False","False","False","CAPTION_ONLY"
"archived-courses","dsa-placement","D:\app2\app\archived-courses\dsa-placement\wiki\graphs-bfs-dfs.md","True","False","False","True","OK_VISUAL"
"archived-courses","dsa-placement","D:\app2\app\archived-courses\dsa-placement\wiki\greedy-algorithms.md","True","False","False","False","CAPTION_ONLY"
"archived-courses","dsa-placement","D:\app2\app\archived-courses\dsa-placement\wiki\hash-tables.md","True","False","False","True","OK_VISUAL"
"archived-courses","dsa-placement","D:\app2\app\archived-courses\dsa-placement\wiki\heaps-and-priority-queues.md","True","False","False","False","CAPTION_ONLY"
"archived-courses","dsa-placement","D:\app2\app\archived-courses\dsa-placement\wiki\index.md","False","False","False","False","MISSING_SECTION"
"archived-courses","dsa-placement","D:\app2\app\archived-courses\dsa-placement\wiki\interval-problems.md","True","False","False","False","CAPTION_ONLY"
"archived-courses","dsa-placement","D:\app2\app\archived-courses\dsa-placement\wiki\interview-prep.md","True","False","False","False","CAPTION_ONLY"
"archived-courses","dsa-placement","D:\app2\app\archived-courses\dsa-placement\wiki\kmp-algorithm.md","True","False","False","False","CAPTION_ONLY"
"archived-courses","dsa-placement","D:\app2\app\archived-courses\dsa-placement\wiki\lca-algorithms.md","True","False","False","False","CAPTION_ONLY"
"archived-courses","dsa-placement","D:\app2\app\archived-courses\dsa-placement\wiki\linked-list-advanced.md","True","False","False","False","CAPTION_ONLY"
"archived-courses","dsa-placement","D:\app2\app\archived-courses\dsa-placement\wiki\linked-lists.md","True","False","False","False","CAPTION_ONLY"
"archived-courses","dsa-placement","D:\app2\app\archived-courses\dsa-placement\wiki\math-for-interviews.md","True","False","False","False","CAPTION_ONLY"
"archived-courses","dsa-placement","D:\app2\app\archived-courses\dsa-placement\wiki\matrix-problems.md","True","False","False","False","CAPTION_ONLY"
"archived-courses","dsa-placement","D:\app2\app\archived-courses\dsa-placement\wiki\minimum-spanning-trees.md","True","False","False","False","CAPTION_ONLY"
"archived-courses","dsa-placement","D:\app2\app\archived-courses\dsa-placement\wiki\monotonic-stack-queue.md","True","False","False","False","CAPTION_ONLY"
"archived-courses","dsa-placement","D:\app2\app\archived-courses\dsa-placement\wiki\network-flow.md","True","False","False","False","CAPTION_ONLY"
"archived-courses","dsa-placement","D:\app2\app\archived-courses\dsa-placement\wiki\number-theory.md","True","False","False","False","CAPTION_ONLY"
"archived-courses","dsa-placement","D:\app2\app\archived-courses\dsa-placement\wiki\overview.md","False","False","False","False","MISSING_SECTION"
"archived-courses","dsa-placement","D:\app2\app\archived-courses\dsa-placement\wiki\queue-problems-advanced.md","True","False","False","False","CAPTION_ONLY"
"archived-courses","dsa-placement","D:\app2\app\archived-courses\dsa-placement\wiki\rabin-karp.md","True","False","False","False","CAPTION_ONLY"
"archived-courses","dsa-placement","D:\app2\app\archived-courses\dsa-placement\wiki\randomized-algorithms.md","True","False","False","False","CAPTION_ONLY"
"archived-courses","dsa-placement","D:\app2\app\archived-courses\dsa-placement\wiki\recursion-and-backtracking.md","True","False","False","False","CAPTION_ONLY"
"archived-courses","dsa-placement","D:\app2\app\archived-courses\dsa-placement\wiki\recursion-fundamentals.md","False","False","False","False","MISSING_SECTION"
"archived-courses","dsa-placement","D:\app2\app\archived-courses\dsa-placement\wiki\red-black-trees.md","False","False","False","False","MISSING_SECTION"
"archived-courses","dsa-placement","D:\app2\app\archived-courses\dsa-placement\wiki\segment-trees.md","False","False","False","False","MISSING_SECTION"
"archived-courses","dsa-placement","D:\app2\app\archived-courses\dsa-placement\wiki\shortest-paths-bellman-ford.md","True","False","False","False","CAPTION_ONLY"
"archived-courses","dsa-placement","D:\app2\app\archived-courses\dsa-placement\wiki\shortest-paths-dijkstra.md","True","False","False","True","OK_VISUAL"
"archived-courses","dsa-placement","D:\app2\app\archived-courses\dsa-placement\wiki\sieve-of-eratosthenes.md","True","False","False","True","OK_VISUAL"
"archived-courses","dsa-placement","D:\app2\app\archived-courses\dsa-placement\wiki\singly-doubly-circular-linked-lists.md","False","False","False","False","MISSING_SECTION"
"archived-courses","dsa-placement","D:\app2\app\archived-courses\dsa-placement\wiki\sorting-algorithms.md","True","False","False","True","OK_VISUAL"
"archived-courses","dsa-placement","D:\app2\app\archived-courses\dsa-placement\wiki\stack-problems-advanced.md","True","False","False","False","CAPTION_ONLY"
"archived-courses","dsa-placement","D:\app2\app\archived-courses\dsa-placement\wiki\stacks-and-queues.md","False","False","False","False","MISSING_SECTION"
"archived-courses","dsa-placement","D:\app2\app\archived-courses\dsa-placement\wiki\string-hashing.md","True","False","False","False","CAPTION_ONLY"
"archived-courses","dsa-placement","D:\app2\app\archived-courses\dsa-placement\wiki\strongly-connected-components-placement.md","True","False","False","False","CAPTION_ONLY"
"archived-courses","dsa-placement","D:\app2\app\archived-courses\dsa-placement\wiki\topological-sort.md","True","False","False","False","CAPTION_ONLY"
"archived-courses","dsa-placement","D:\app2\app\archived-courses\dsa-placement\wiki\tree-dp.md","True","False","False","False","CAPTION_ONLY"
"archived-courses","dsa-placement","D:\app2\app\archived-courses\dsa-placement\wiki\tries.md","False","False","False","False","MISSING_SECTION"
"archived-courses","dsa-placement","D:\app2\app\archived-courses\dsa-placement\wiki\two-pointers-sliding-window.md","False","False","False","False","MISSING_SECTION"
"archived-courses","dsa-placement","D:\app2\app\archived-courses\dsa-placement\wiki\union-find.md","True","False","False","False","CAPTION_ONLY"
"archived-courses","machine-learning","D:\app2\app\archived-courses\machine-learning\wiki\attention-transformers.md","True","False","False","True","OK_VISUAL"
"archived-courses","machine-learning","D:\app2\app\archived-courses\machine-learning\wiki\backpropagation-optimization.md","True","False","False","True","OK_VISUAL"
"archived-courses","machine-learning","D:\app2\app\archived-courses\machine-learning\wiki\bayesian-linear-regression.md","True","False","False","False","CAPTION_ONLY"
"archived-courses","machine-learning","D:\app2\app\archived-courses\machine-learning\wiki\bias-variance-tradeoff.md","True","False","False","False","CAPTION_ONLY"
"archived-courses","machine-learning","D:\app2\app\archived-courses\machine-learning\wiki\clustering-algorithms.md","True","False","False","True","OK_VISUAL"
"archived-courses","machine-learning","D:\app2\app\archived-courses\machine-learning\wiki\coding-lab-sklearn.md","True","False","False","False","CAPTION_ONLY"
"archived-courses","machine-learning","D:\app2\app\archived-courses\machine-learning\wiki\convolutional-neural-networks.md","True","False","False","False","CAPTION_ONLY"
"archived-courses","machine-learning","D:\app2\app\archived-courses\machine-learning\wiki\cross-validation-techniques.md","True","False","False","False","CAPTION_ONLY"
"archived-courses","machine-learning","D:\app2\app\archived-courses\machine-learning\wiki\decision-trees.md","True","False","False","False","CAPTION_ONLY"
"archived-courses","machine-learning","D:\app2\app\archived-courses\machine-learning\wiki\deep-learning-foundations.md","True","False","False","False","CAPTION_ONLY"
"archived-courses","machine-learning","D:\app2\app\archived-courses\machine-learning\wiki\dimensionality-reduction.md","True","False","False","False","CAPTION_ONLY"
"archived-courses","machine-learning","D:\app2\app\archived-courses\machine-learning\wiki\ensemble-methods-boosting.md","True","False","False","False","CAPTION_ONLY"
"archived-courses","machine-learning","D:\app2\app\archived-courses\machine-learning\wiki\feature-engineering.md","True","False","False","False","CAPTION_ONLY"
"archived-courses","machine-learning","D:\app2\app\archived-courses\machine-learning\wiki\gaussian-mixture-em-algorithm.md","True","False","False","False","CAPTION_ONLY"
"archived-courses","machine-learning","D:\app2\app\archived-courses\machine-learning\wiki\gradient-descent-variants.md","True","False","False","True","OK_VISUAL"
"archived-courses","machine-learning","D:\app2\app\archived-courses\machine-learning\wiki\hyperparameter-tuning.md","True","False","False","False","CAPTION_ONLY"
"archived-courses","machine-learning","D:\app2\app\archived-courses\machine-learning\wiki\index.md","False","False","False","False","MISSING_SECTION"
"archived-courses","machine-learning","D:\app2\app\archived-courses\machine-learning\wiki\learning-theory-bias-variance.md","True","False","False","False","CAPTION_ONLY"
"archived-courses","machine-learning","D:\app2\app\archived-courses\machine-learning\wiki\linear-regression-gradient-descent.md","True","False","False","False","CAPTION_ONLY"
"archived-courses","machine-learning","D:\app2\app\archived-courses\machine-learning\wiki\log.md","True","False","False","False","CAPTION_ONLY"
"archived-courses","machine-learning","D:\app2\app\archived-courses\machine-learning\wiki\logistic-regression-glms.md","True","False","False","False","CAPTION_ONLY"
"archived-courses","machine-learning","D:\app2\app\archived-courses\machine-learning\wiki\math-probability-refresher.md","True","False","False","False","CAPTION_ONLY"
"archived-courses","machine-learning","D:\app2\app\archived-courses\machine-learning\wiki\mlops-model-lifecycle.md","True","False","False","False","CAPTION_ONLY"
"archived-courses","machine-learning","D:\app2\app\archived-courses\machine-learning\wiki\model-deployment-serving.md","True","False","False","False","CAPTION_ONLY"
"archived-courses","machine-learning","D:\app2\app\archived-courses\machine-learning\wiki\model-evaluation.md","True","False","False","True","OK_VISUAL"
"archived-courses","machine-learning","D:\app2\app\archived-courses\machine-learning\wiki\neural-networks.md","True","False","False","False","CAPTION_ONLY"
"archived-courses","machine-learning","D:\app2\app\archived-courses\machine-learning\wiki\overview.md","True","False","False","True","OK_VISUAL"
"archived-courses","machine-learning","D:\app2\app\archived-courses\machine-learning\wiki\production-monitoring.md","True","False","False","True","OK_VISUAL"
"archived-courses","machine-learning","D:\app2\app\archived-courses\machine-learning\wiki\regularization-convex-optimization.md","True","False","False","False","CAPTION_ONLY"
"archived-courses","machine-learning","D:\app2\app\archived-courses\machine-learning\wiki\regularization-techniques.md","True","False","False","False","CAPTION_ONLY"
"archived-courses","machine-learning","D:\app2\app\archived-courses\machine-learning\wiki\sequence-models-rnns.md","True","False","False","False","CAPTION_ONLY"
"archived-courses","machine-learning","D:\app2\app\archived-courses\machine-learning\wiki\supervised-learning.md","True","False","False","False","CAPTION_ONLY"
"archived-courses","machine-learning","D:\app2\app\archived-courses\machine-learning\wiki\support-vector-machines.md","True","False","False","False","CAPTION_ONLY"
"archived-courses","machine-learning","D:\app2\app\archived-courses\machine-learning\wiki\system-design-ml.md","True","False","False","True","OK_VISUAL"
"archived-courses","machine-learning","D:\app2\app\archived-courses\machine-learning\wiki\unsupervised-learning.md","True","False","False","True","OK_VISUAL"
"archived-courses","machine-learning-llmbooks-mini","D:\app2\app\archived-courses\machine-learning-llmbooks-mini\wiki\index.md","False","False","False","False","MISSING_SECTION"
"archived-courses","machine-learning-llmbooks-mini","D:\app2\app\archived-courses\machine-learning-llmbooks-mini\wiki\log.md","False","False","False","False","MISSING_SECTION"
"archived-courses","machine-learning-llmbooks-mini","D:\app2\app\archived-courses\machine-learning-llmbooks-mini\wiki\overview.md","False","False","False","False","MISSING_SECTION"
"archived-courses","object-oriented-programming","D:\app2\app\archived-courses\object-oriented-programming\wiki\abstraction.md","False","False","False","False","MISSING_SECTION"
"archived-courses","object-oriented-programming","D:\app2\app\archived-courses\object-oriented-programming\wiki\access-modifiers.md","True","False","False","False","CAPTION_ONLY"
"archived-courses","object-oriented-programming","D:\app2\app\archived-courses\object-oriented-programming\wiki\classes-objects.md","True","False","False","True","OK_VISUAL"
"archived-courses","object-oriented-programming","D:\app2\app\archived-courses\object-oriented-programming\wiki\collections-framework.md","True","False","False","False","CAPTION_ONLY"
"archived-courses","object-oriented-programming","D:\app2\app\archived-courses\object-oriented-programming\wiki\composition-over-inheritance.md","True","False","False","False","CAPTION_ONLY"
"archived-courses","object-oriented-programming","D:\app2\app\archived-courses\object-oriented-programming\wiki\concurrency-oop.md","True","False","False","False","CAPTION_ONLY"
"archived-courses","object-oriented-programming","D:\app2\app\archived-courses\object-oriented-programming\wiki\dependency-injection.md","True","False","False","False","CAPTION_ONLY"
"archived-courses","object-oriented-programming","D:\app2\app\archived-courses\object-oriented-programming\wiki\design-patterns-behavioral.md","True","False","False","False","CAPTION_ONLY"
"archived-courses","object-oriented-programming","D:\app2\app\archived-courses\object-oriented-programming\wiki\design-patterns-structural-advanced.md","True","False","False","False","CAPTION_ONLY"
"archived-courses","object-oriented-programming","D:\app2\app\archived-courses\object-oriented-programming\wiki\design-patterns.md","True","False","False","False","CAPTION_ONLY"
"archived-courses","object-oriented-programming","D:\app2\app\archived-courses\object-oriented-programming\wiki\dip-lsp-isp.md","True","False","False","False","CAPTION_ONLY"
"archived-courses","object-oriented-programming","D:\app2\app\archived-courses\object-oriented-programming\wiki\domain-driven-design.md","True","False","False","False","CAPTION_ONLY"
"archived-courses","object-oriented-programming","D:\app2\app\archived-courses\object-oriented-programming\wiki\dry-kiss-yagni.md","True","False","False","False","CAPTION_ONLY"
"archived-courses","object-oriented-programming","D:\app2\app\archived-courses\object-oriented-programming\wiki\encapsulation.md","True","False","False","True","OK_VISUAL"
"archived-courses","object-oriented-programming","D:\app2\app\archived-courses\object-oriented-programming\wiki\exception-handling-oop.md","True","False","False","False","CAPTION_ONLY"
"archived-courses","object-oriented-programming","D:\app2\app\archived-courses\object-oriented-programming\wiki\exception-handling.md","True","False","False","False","CAPTION_ONLY"
"archived-courses","object-oriented-programming","D:\app2\app\archived-courses\object-oriented-programming\wiki\functional-oop.md","True","False","False","False","CAPTION_ONLY"
"archived-courses","object-oriented-programming","D:\app2\app\archived-courses\object-oriented-programming\wiki\generics-templates.md","True","False","False","False","CAPTION_ONLY"
"archived-courses","object-oriented-programming","D:\app2\app\archived-courses\object-oriented-programming\wiki\index.md","False","False","False","False","MISSING_SECTION"
"archived-courses","object-oriented-programming","D:\app2\app\archived-courses\object-oriented-programming\wiki\inheritance.md","False","False","False","False","MISSING_SECTION"
"archived-courses","object-oriented-programming","D:\app2\app\archived-courses\object-oriented-programming\wiki\interfaces-abstract-classes.md","True","False","False","False","CAPTION_ONLY"
"archived-courses","object-oriented-programming","D:\app2\app\archived-courses\object-oriented-programming\wiki\multiple-inheritance-mixins.md","True","False","False","False","CAPTION_ONLY"
"archived-courses","object-oriented-programming","D:\app2\app\archived-courses\object-oriented-programming\wiki\object-class-fundamentals.md","True","False","False","False","CAPTION_ONLY"
"archived-courses","object-oriented-programming","D:\app2\app\archived-courses\object-oriented-programming\wiki\oop-history-paradigms.md","True","False","False","False","CAPTION_ONLY"
"archived-courses","object-oriented-programming","D:\app2\app\archived-courses\object-oriented-programming\wiki\oop-in-python-cpp.md","True","False","False","False","CAPTION_ONLY"
"archived-courses","object-oriented-programming","D:\app2\app\archived-courses\object-oriented-programming\wiki\overview.md","False","False","False","False","MISSING_SECTION"
"archived-courses","object-oriented-programming","D:\app2\app\archived-courses\object-oriented-programming\wiki\placement-guide.md","True","False","False","False","CAPTION_ONLY"
"archived-courses","object-oriented-programming","D:\app2\app\archived-courses\object-oriented-programming\wiki\polymorphism-types.md","True","False","False","False","CAPTION_ONLY"
"archived-courses","object-oriented-programming","D:\app2\app\archived-courses\object-oriented-programming\wiki\polymorphism.md","True","False","False","True","OK_VISUAL"
"archived-courses","object-oriented-programming","D:\app2\app\archived-courses\object-oriented-programming\wiki\refactoring-code-smells.md","True","False","False","False","CAPTION_ONLY"
"archived-courses","object-oriented-programming","D:\app2\app\archived-courses\object-oriented-programming\wiki\single-inheritance.md","True","False","False","False","CAPTION_ONLY"
"archived-courses","object-oriented-programming","D:\app2\app\archived-courses\object-oriented-programming\wiki\solid-principles.md","True","False","False","False","CAPTION_ONLY"
"archived-courses","object-oriented-programming","D:\app2\app\archived-courses\object-oriented-programming\wiki\tdd-oop.md","True","False","False","True","OK_VISUAL"
"archived-courses","object-oriented-programming","D:\app2\app\archived-courses\object-oriented-programming\wiki\uml-class-diagrams.md","True","False","False","False","CAPTION_ONLY"
"archived-courses","operating-systems","D:\app2\app\archived-courses\operating-systems\wiki\classical-sync-problems.md","True","False","False","False","CAPTION_ONLY"
"archived-courses","operating-systems","D:\app2\app\archived-courses\operating-systems\wiki\condition-variables.md","True","False","False","False","CAPTION_ONLY"
"archived-courses","operating-systems","D:\app2\app\archived-courses\operating-systems\wiki\deadlock-detection-recovery.md","True","False","False","False","CAPTION_ONLY"
"archived-courses","operating-systems","D:\app2\app\archived-courses\operating-systems\wiki\deadlock.md","False","False","False","False","MISSING_SECTION"
"archived-courses","operating-systems","D:\app2\app\archived-courses\operating-systems\wiki\demand-paging-copy-on-write.md","True","False","False","False","CAPTION_ONLY"
"archived-courses","operating-systems","D:\app2\app\archived-courses\operating-systems\wiki\directory-structures.md","True","False","False","False","CAPTION_ONLY"
"archived-courses","operating-systems","D:\app2\app\archived-courses\operating-systems\wiki\disk-scheduling.md","True","False","False","False","CAPTION_ONLY"
"archived-courses","operating-systems","D:\app2\app\archived-courses\operating-systems\wiki\file-system-implementation.md","True","False","False","False","CAPTION_ONLY"
"archived-courses","operating-systems","D:\app2\app\archived-courses\operating-systems\wiki\file-systems.md","False","False","False","False","MISSING_SECTION"
"archived-courses","operating-systems","D:\app2\app\archived-courses\operating-systems\wiki\index.md","False","False","False","False","MISSING_SECTION"
"archived-courses","operating-systems","D:\app2\app\archived-courses\operating-systems\wiki\inter-process-communication.md","True","False","False","False","CAPTION_ONLY"
"archived-courses","operating-systems","D:\app2\app\archived-courses\operating-systems\wiki\io-management-devices.md","True","False","False","False","CAPTION_ONLY"
"archived-courses","operating-systems","D:\app2\app\archived-courses\operating-systems\wiki\journaling-log-structured.md","True","False","False","False","CAPTION_ONLY"
"archived-courses","operating-systems","D:\app2\app\archived-courses\operating-systems\wiki\lock-free-concurrent.md","True","False","False","False","CAPTION_ONLY"
"archived-courses","operating-systems","D:\app2\app\archived-courses\operating-systems\wiki\memory-allocators.md","True","False","False","False","CAPTION_ONLY"
"archived-courses","operating-systems","D:\app2\app\archived-courses\operating-systems\wiki\memory-management.md","False","False","False","False","MISSING_SECTION"
"archived-courses","operating-systems","D:\app2\app\archived-courses\operating-systems\wiki\multiprocessor-scheduling.md","True","False","False","False","CAPTION_ONLY"
"archived-courses","operating-systems","D:\app2\app\archived-courses\operating-systems\wiki\mutex-semaphores-monitors.md","True","False","False","False","CAPTION_ONLY"
"archived-courses","operating-systems","D:\app2\app\archived-courses\operating-systems\wiki\os-history-structure.md","True","False","False","False","CAPTION_ONLY"
"archived-courses","operating-systems","D:\app2\app\archived-courses\operating-systems\wiki\overview.md","False","False","False","False","MISSING_SECTION"
"archived-courses","operating-systems","D:\app2\app\archived-courses\operating-systems\wiki\page-replacement-algorithms.md","True","False","False","False","CAPTION_ONLY"
"archived-courses","operating-systems","D:\app2\app\archived-courses\operating-systems\wiki\paging-segmentation.md","True","False","False","False","CAPTION_ONLY"
"archived-courses","operating-systems","D:\app2\app\archived-courses\operating-systems\wiki\process-creation-fork-exec.md","True","False","False","False","CAPTION_ONLY"
"archived-courses","operating-systems","D:\app2\app\archived-courses\operating-systems\wiki\processes.md","False","False","False","False","MISSING_SECTION"
"archived-courses","operating-systems","D:\app2\app\archived-courses\operating-systems\wiki\real-time-scheduling.md","True","False","False","False","CAPTION_ONLY"
"archived-courses","operating-systems","D:\app2\app\archived-courses\operating-systems\wiki\scheduling-algorithms-deep-dive.md","True","False","False","False","CAPTION_ONLY"
"archived-courses","operating-systems","D:\app2\app\archived-courses\operating-systems\wiki\scheduling.md","False","False","False","False","MISSING_SECTION"
"archived-courses","operating-systems","D:\app2\app\archived-courses\operating-systems\wiki\synchronization.md","False","False","False","False","MISSING_SECTION"
"archived-courses","operating-systems","D:\app2\app\archived-courses\operating-systems\wiki\system-calls-api.md","True","False","False","False","CAPTION_ONLY"
"archived-courses","operating-systems","D:\app2\app\archived-courses\operating-systems\wiki\threads-concurrency.md","True","False","False","False","CAPTION_ONLY"
"archived-courses","operating-systems","D:\app2\app\archived-courses\operating-systems\wiki\threads.md","False","False","False","False","MISSING_SECTION"
"archived-courses","operating-systems","D:\app2\app\archived-courses\operating-systems\wiki\tlb-address-translation.md","True","False","False","False","CAPTION_ONLY"
"archived-courses","operating-systems","D:\app2\app\archived-courses\operating-systems\wiki\virtual-memory.md","False","False","False","False","MISSING_SECTION"
"archived-courses","quantum-computing","D:\app2\app\archived-courses\quantum-computing\wiki\adiabatic-quantum-computation.md","True","False","False","False","CAPTION_ONLY"
"archived-courses","quantum-computing","D:\app2\app\archived-courses\quantum-computing\wiki\bernstein-vazirani-algorithm.md","True","False","False","False","CAPTION_ONLY"
"archived-courses","quantum-computing","D:\app2\app\archived-courses\quantum-computing\wiki\cirq-pennylane-programming.md","True","False","False","False","CAPTION_ONLY"
"archived-courses","quantum-computing","D:\app2\app\archived-courses\quantum-computing\wiki\density-matrices-mixed-states.md","False","False","False","False","MISSING_SECTION"
"archived-courses","quantum-computing","D:\app2\app\archived-courses\quantum-computing\wiki\deutschs-jozsa-algorithm.md","False","False","False","False","MISSING_SECTION"
"archived-courses","quantum-computing","D:\app2\app\archived-courses\quantum-computing\wiki\fault-tolerant-quantum-computation.md","False","False","False","False","MISSING_SECTION"
"archived-courses","quantum-computing","D:\app2\app\archived-courses\quantum-computing\wiki\grovers-algorithm.md","False","False","False","False","MISSING_SECTION"
"archived-courses","quantum-computing","D:\app2\app\archived-courses\quantum-computing\wiki\hhl-algorithm.md","True","False","False","False","CAPTION_ONLY"
"archived-courses","quantum-computing","D:\app2\app\archived-courses\quantum-computing\wiki\index.md","False","False","False","False","MISSING_SECTION"
"archived-courses","quantum-computing","D:\app2\app\archived-courses\quantum-computing\wiki\interview-prep.md","False","False","False","False","MISSING_SECTION"
"archived-courses","quantum-computing","D:\app2\app\archived-courses\quantum-computing\wiki\linear-algebra-for-quantum.md","False","False","False","False","MISSING_SECTION"
"archived-courses","quantum-computing","D:\app2\app\archived-courses\quantum-computing\wiki\nisq-algorithms.md","True","False","False","False","CAPTION_ONLY"
"archived-courses","quantum-computing","D:\app2\app\archived-courses\quantum-computing\wiki\open-quantum-systems-decoherence.md","False","False","False","False","MISSING_SECTION"
"archived-courses","quantum-computing","D:\app2\app\archived-courses\quantum-computing\wiki\overview.md","False","False","False","False","MISSING_SECTION"
"archived-courses","quantum-computing","D:\app2\app\archived-courses\quantum-computing\wiki\photonic-quantum-computing.md","True","False","False","False","CAPTION_ONLY"
"archived-courses","quantum-computing","D:\app2\app\archived-courses\quantum-computing\wiki\placement-guide.md","True","False","False","False","CAPTION_ONLY"
"archived-courses","quantum-computing","D:\app2\app\archived-courses\quantum-computing\wiki\qiskit-programming.md","False","False","False","False","MISSING_SECTION"
"archived-courses","quantum-computing","D:\app2\app\archived-courses\quantum-computing\wiki\quantum-advantage-supremacy.md","True","False","False","False","CAPTION_ONLY"
"archived-courses","quantum-computing","D:\app2\app\archived-courses\quantum-computing\wiki\quantum-amplitude-amplification.md","True","False","False","False","CAPTION_ONLY"
"archived-courses","quantum-computing","D:\app2\app\archived-courses\quantum-computing\wiki\quantum-annealing.md","True","False","False","False","CAPTION_ONLY"
"archived-courses","quantum-computing","D:\app2\app\archived-courses\quantum-computing\wiki\quantum-approximate-optimization-algorithm.md","False","False","False","False","MISSING_SECTION"
"archived-courses","quantum-computing","D:\app2\app\archived-courses\quantum-computing\wiki\quantum-chemistry-algorithms.md","True","False","False","False","CAPTION_ONLY"
"archived-courses","quantum-computing","D:\app2\app\archived-courses\quantum-computing\wiki\quantum-complexity-theory.md","False","False","False","False","MISSING_SECTION"
"archived-courses","quantum-computing","D:\app2\app\archived-courses\quantum-computing\wiki\quantum-counting.md","True","False","False","False","CAPTION_ONLY"
"archived-courses","quantum-computing","D:\app2\app\archived-courses\quantum-computing\wiki\quantum-entanglement-bell-states.md","False","False","False","False","MISSING_SECTION"
"archived-courses","quantum-computing","D:\app2\app\archived-courses\quantum-computing\wiki\quantum-error-correction.md","False","False","False","False","MISSING_SECTION"
"archived-courses","quantum-computing","D:\app2\app\archived-courses\quantum-computing\wiki\quantum-fourier-transform.md","False","False","False","False","MISSING_SECTION"
"archived-courses","quantum-computing","D:\app2\app\archived-courses\quantum-computing\wiki\quantum-gates-circuits.md","False","False","False","False","MISSING_SECTION"
"archived-courses","quantum-computing","D:\app2\app\archived-courses\quantum-computing\wiki\quantum-hardware-technologies.md","False","False","False","False","MISSING_SECTION"
"archived-courses","quantum-computing","D:\app2\app\archived-courses\quantum-computing\wiki\quantum-key-distribution.md","True","False","False","False","CAPTION_ONLY"
"archived-courses","quantum-computing","D:\app2\app\archived-courses\quantum-computing\wiki\quantum-machine-learning.md","False","False","False","False","MISSING_SECTION"
"archived-courses","quantum-computing","D:\app2\app\archived-courses\quantum-computing\wiki\quantum-measurement.md","False","False","False","False","MISSING_SECTION"
"archived-courses","quantum-computing","D:\app2\app\archived-courses\quantum-computing\wiki\quantum-mechanics-foundations.md","False","False","False","False","MISSING_SECTION"
"archived-courses","quantum-computing","D:\app2\app\archived-courses\quantum-computing\wiki\quantum-network-protocols.md","True","False","False","False","CAPTION_ONLY"
"archived-courses","quantum-computing","D:\app2\app\archived-courses\quantum-computing\wiki\quantum-phase-estimation.md","False","False","False","False","MISSING_SECTION"
"archived-courses","quantum-computing","D:\app2\app\archived-courses\quantum-computing\wiki\quantum-random-number-generation.md","True","False","False","False","CAPTION_ONLY"
"archived-courses","quantum-computing","D:\app2\app\archived-courses\quantum-computing\wiki\quantum-simulation-chemistry.md","False","False","False","False","MISSING_SECTION"
"archived-courses","quantum-computing","D:\app2\app\archived-courses\quantum-computing\wiki\quantum-teleportation-superdense-coding.md","False","False","False","False","MISSING_SECTION"
"archived-courses","quantum-computing","D:\app2\app\archived-courses\quantum-computing\wiki\quantum-walks.md","False","False","False","False","MISSING_SECTION"
"archived-courses","quantum-computing","D:\app2\app\archived-courses\quantum-computing\wiki\qubits-superposition-bloch-sphere.md","False","False","False","False","MISSING_SECTION"
"archived-courses","quantum-computing","D:\app2\app\archived-courses\quantum-computing\wiki\shors-algorithm.md","False","False","False","False","MISSING_SECTION"
"archived-courses","quantum-computing","D:\app2\app\archived-courses\quantum-computing\wiki\simons-algorithm.md","False","False","False","False","MISSING_SECTION"
"archived-courses","quantum-computing","D:\app2\app\archived-courses\quantum-computing\wiki\stabilizer-formalism.md","True","False","False","False","CAPTION_ONLY"
"archived-courses","quantum-computing","D:\app2\app\archived-courses\quantum-computing\wiki\surface-codes.md","True","False","False","False","CAPTION_ONLY"
"archived-courses","quantum-computing","D:\app2\app\archived-courses\quantum-computing\wiki\topological-quantum-computing.md","False","False","False","False","MISSING_SECTION"
"archived-courses","quantum-computing","D:\app2\app\archived-courses\quantum-computing\wiki\variational-quantum-algorithms.md","False","False","False","False","MISSING_SECTION"
"archived-courses","robotics","D:\app2\app\archived-courses\robotics\wiki\autonomous-vehicle-architecture.md","False","False","False","False","MISSING_SECTION"
"archived-courses","robotics","D:\app2\app\archived-courses\robotics\wiki\behavior-planning-state-machines.md","False","False","False","False","MISSING_SECTION"
"archived-courses","robotics","D:\app2\app\archived-courses\robotics\wiki\computer-vision-for-robotics.md","False","False","False","False","MISSING_SECTION"
"archived-courses","robotics","D:\app2\app\archived-courses\robotics\wiki\denavit-hartenberg-parameters.md","False","False","False","False","MISSING_SECTION"
"archived-courses","robotics","D:\app2\app\archived-courses\robotics\wiki\discrete-path-planning.md","False","False","False","False","MISSING_SECTION"
"archived-courses","robotics","D:\app2\app\archived-courses\robotics\wiki\imitation-learning-behavior-cloning.md","False","False","False","False","MISSING_SECTION"
"archived-courses","robotics","D:\app2\app\archived-courses\robotics\wiki\index.md","False","False","False","False","MISSING_SECTION"
"archived-courses","robotics","D:\app2\app\archived-courses\robotics\wiki\industrial-automation-manipulation.md","False","False","False","False","MISSING_SECTION"
"archived-courses","robotics","D:\app2\app\archived-courses\robotics\wiki\interview-prep.md","False","False","False","False","MISSING_SECTION"
"archived-courses","robotics","D:\app2\app\archived-courses\robotics\wiki\inverse-kinematics.md","False","False","False","False","MISSING_SECTION"
"archived-courses","robotics","D:\app2\app\archived-courses\robotics\wiki\jacobian-and-singularities.md","False","False","False","False","MISSING_SECTION"
"archived-courses","robotics","D:\app2\app\archived-courses\robotics\wiki\lidar-point-cloud-processing.md","False","False","False","False","MISSING_SECTION"
"archived-courses","robotics","D:\app2\app\archived-courses\robotics\wiki\linear-quadratic-regulator-lqr.md","False","False","False","False","MISSING_SECTION"
"archived-courses","robotics","D:\app2\app\archived-courses\robotics\wiki\math-foundations-robotics.md","False","False","False","False","MISSING_SECTION"
"archived-courses","robotics","D:\app2\app\archived-courses\robotics\wiki\model-predictive-control-mpc.md","False","False","False","False","MISSING_SECTION"
"archived-courses","robotics","D:\app2\app\archived-courses\robotics\wiki\overview.md","False","False","False","False","MISSING_SECTION"
"archived-courses","robotics","D:\app2\app\archived-courses\robotics\wiki\particle-filters-mcl.md","False","False","False","False","MISSING_SECTION"
"archived-courses","robotics","D:\app2\app\archived-courses\robotics\wiki\path-planning-rrt-prm.md","False","False","False","False","MISSING_SECTION"
"archived-courses","robotics","D:\app2\app\archived-courses\robotics\wiki\pid-control-systems.md","False","False","False","False","MISSING_SECTION"
"archived-courses","robotics","D:\app2\app\archived-courses\robotics\wiki\probabilistic-robotics-state-estimation.md","False","False","False","False","MISSING_SECTION"
"archived-courses","robotics","D:\app2\app\archived-courses\robotics\wiki\reinforcement-learning-for-robotics.md","False","False","False","False","MISSING_SECTION"
"archived-courses","robotics","D:\app2\app\archived-courses\robotics\wiki\robot-dynamics.md","False","False","False","False","MISSING_SECTION"
"archived-courses","robotics","D:\app2\app\archived-courses\robotics\wiki\robot-kinematics.md","False","False","False","False","MISSING_SECTION"
"archived-courses","robotics","D:\app2\app\archived-courses\robotics\wiki\robot-modeling-urdf-gazebo.md","False","False","False","False","MISSING_SECTION"
"archived-courses","robotics","D:\app2\app\archived-courses\robotics\wiki\robot-sensors-and-actuators.md","False","False","False","False","MISSING_SECTION"
"archived-courses","robotics","D:\app2\app\archived-courses\robotics\wiki\ros2-fundamentals.md","False","False","False","False","MISSING_SECTION"
"archived-courses","robotics","D:\app2\app\archived-courses\robotics\wiki\sensor-fusion-kalman-filter.md","False","False","False","False","MISSING_SECTION"
"archived-courses","robotics","D:\app2\app\archived-courses\robotics\wiki\slam.md","False","False","False","False","MISSING_SECTION"
"archived-courses","robotics","D:\app2\app\archived-courses\robotics\wiki\trajectory-planning.md","False","False","False","False","MISSING_SECTION"
"archived-courses","robotics","D:\app2\app\archived-courses\robotics\wiki\visual-odometry.md","False","False","False","False","MISSING_SECTION"
"archived-courses","software-engineering","D:\app2\app\archived-courses\software-engineering\wiki\agile-scrum.md","False","False","False","False","MISSING_SECTION"
"archived-courses","software-engineering","D:\app2\app\archived-courses\software-engineering\wiki\api-design.md","False","False","False","False","MISSING_SECTION"
"archived-courses","software-engineering","D:\app2\app\archived-courses\software-engineering\wiki\behavioral-patterns.md","False","False","False","False","MISSING_SECTION"
"archived-courses","software-engineering","D:\app2\app\archived-courses\software-engineering\wiki\caching.md","False","False","False","False","MISSING_SECTION"
"archived-courses","software-engineering","D:\app2\app\archived-courses\software-engineering\wiki\cloud-platforms.md","False","False","False","False","MISSING_SECTION"
"archived-courses","software-engineering","D:\app2\app\archived-courses\software-engineering\wiki\code-quality-and-readability.md","False","False","False","False","MISSING_SECTION"
"archived-courses","software-engineering","D:\app2\app\archived-courses\software-engineering\wiki\consistency-models.md","False","False","False","False","MISSING_SECTION"
"archived-courses","software-engineering","D:\app2\app\archived-courses\software-engineering\wiki\containerization-orchestration.md","False","False","False","False","MISSING_SECTION"
"archived-courses","software-engineering","D:\app2\app\archived-courses\software-engineering\wiki\creational-patterns.md","False","False","False","False","MISSING_SECTION"
"archived-courses","software-engineering","D:\app2\app\archived-courses\software-engineering\wiki\data-partitioning-sharding.md","False","False","False","False","MISSING_SECTION"
"archived-courses","software-engineering","D:\app2\app\archived-courses\software-engineering\wiki\databases-sql-nosql.md","False","False","False","False","MISSING_SECTION"
"archived-courses","software-engineering","D:\app2\app\archived-courses\software-engineering\wiki\design-for-change.md","False","False","False","False","MISSING_SECTION"
"archived-courses","software-engineering","D:\app2\app\archived-courses\software-engineering\wiki\devops-cicd.md","False","False","False","False","MISSING_SECTION"
"archived-courses","software-engineering","D:\app2\app\archived-courses\software-engineering\wiki\distributed-transactions.md","False","False","False","False","MISSING_SECTION"
"archived-courses","software-engineering","D:\app2\app\archived-courses\software-engineering\wiki\functional-programming-concepts.md","False","False","False","False","MISSING_SECTION"
"archived-courses","software-engineering","D:\app2\app\archived-courses\software-engineering\wiki\index.md","False","False","False","False","MISSING_SECTION"
"archived-courses","software-engineering","D:\app2\app\archived-courses\software-engineering\wiki\interview-prep.md","False","False","False","False","MISSING_SECTION"
"archived-courses","software-engineering","D:\app2\app\archived-courses\software-engineering\wiki\load-balancing.md","False","False","False","False","MISSING_SECTION"
"archived-courses","software-engineering","D:\app2\app\archived-courses\software-engineering\wiki\messaging-queues.md","False","False","False","False","MISSING_SECTION"
"archived-courses","software-engineering","D:\app2\app\archived-courses\software-engineering\wiki\monitoring-logging.md","False","False","False","False","MISSING_SECTION"
"archived-courses","software-engineering","D:\app2\app\archived-courses\software-engineering\wiki\object-oriented-design.md","False","False","False","False","MISSING_SECTION"
"archived-courses","software-engineering","D:\app2\app\archived-courses\software-engineering\wiki\object-oriented-programming-concepts.md","False","False","False","False","MISSING_SECTION"
"archived-courses","software-engineering","D:\app2\app\archived-courses\software-engineering\wiki\overview.md","False","False","False","False","MISSING_SECTION"
"archived-courses","software-engineering","D:\app2\app\archived-courses\software-engineering\wiki\performance-optimization.md","False","False","False","False","MISSING_SECTION"
"archived-courses","software-engineering","D:\app2\app\archived-courses\software-engineering\wiki\requirements-engineering.md","False","False","False","False","MISSING_SECTION"
"archived-courses","software-engineering","D:\app2\app\archived-courses\software-engineering\wiki\sdlc-models.md","False","False","False","False","MISSING_SECTION"
"archived-courses","software-engineering","D:\app2\app\archived-courses\software-engineering\wiki\security-engineering.md","False","False","False","False","MISSING_SECTION"
"archived-courses","software-engineering","D:\app2\app\archived-courses\software-engineering\wiki\software-architecture-styles.md","False","False","False","False","MISSING_SECTION"
"archived-courses","software-engineering","D:\app2\app\archived-courses\software-engineering\wiki\software-development-lifecycle.md","False","False","False","False","MISSING_SECTION"
"archived-courses","software-engineering","D:\app2\app\archived-courses\software-engineering\wiki\software-quality.md","False","False","False","False","MISSING_SECTION"
"archived-courses","software-engineering","D:\app2\app\archived-courses\software-engineering\wiki\solid-principles.md","False","False","False","False","MISSING_SECTION"
"archived-courses","software-engineering","D:\app2\app\archived-courses\software-engineering\wiki\structural-patterns.md","False","False","False","False","MISSING_SECTION"
"archived-courses","software-engineering","D:\app2\app\archived-courses\software-engineering\wiki\system-design-fundamentals.md","False","False","False","False","MISSING_SECTION"
"archived-courses","software-engineering","D:\app2\app\archived-courses\software-engineering\wiki\testing-fundamentals.md","False","False","False","False","MISSING_SECTION"
"archived-courses","software-engineering","D:\app2\app\archived-courses\software-engineering\wiki\testing-strategies.md","False","False","False","False","MISSING_SECTION"
"archived-courses","software-engineering","D:\app2\app\archived-courses\software-engineering\wiki\uml-and-modeling.md","False","False","False","False","MISSING_SECTION"
"archived-courses","software-engineering","D:\app2\app\archived-courses\software-engineering\wiki\version-control-git.md","False","False","False","False","MISSING_SECTION"
"archived-courses","software-engineering","D:\app2\app\archived-courses\software-engineering\wiki\version-control.md","False","False","False","False","MISSING_SECTION"
"archived-courses","vlsi-design","D:\app2\app\archived-courses\vlsi-design\wiki\advanced-verilog-systemverilog.md","False","False","False","False","MISSING_SECTION"
"archived-courses","vlsi-design","D:\app2\app\archived-courses\vlsi-design\wiki\clock-distribution-synchronization.md","False","False","False","False","MISSING_SECTION"
"archived-courses","vlsi-design","D:\app2\app\archived-courses\vlsi-design\wiki\cmos-inverter-analysis.md","False","False","False","False","MISSING_SECTION"
"archived-courses","vlsi-design","D:\app2\app\archived-courses\vlsi-design\wiki\cmos-technology-fundamentals.md","False","False","False","False","MISSING_SECTION"
"archived-courses","vlsi-design","D:\app2\app\archived-courses\vlsi-design\wiki\combinational-cmos-circuits.md","False","False","False","False","MISSING_SECTION"
"archived-courses","vlsi-design","D:\app2\app\archived-courses\vlsi-design\wiki\datapath-design-arithmetic-circuits.md","False","False","False","False","MISSING_SECTION"
"archived-courses","vlsi-design","D:\app2\app\archived-courses\vlsi-design\wiki\design-for-testability-dft.md","False","False","False","False","MISSING_SECTION"
"archived-courses","vlsi-design","D:\app2\app\archived-courses\vlsi-design\wiki\finite-state-machines.md","False","False","False","False","MISSING_SECTION"
"archived-courses","vlsi-design","D:\app2\app\archived-courses\vlsi-design\wiki\floorplanning-placement-routing.md","False","False","False","False","MISSING_SECTION"
"archived-courses","vlsi-design","D:\app2\app\archived-courses\vlsi-design\wiki\fpga-architecture-programming.md","False","False","False","False","MISSING_SECTION"
"archived-courses","vlsi-design","D:\app2\app\archived-courses\vlsi-design\wiki\fpga-timing-closure-optimization.md","False","False","False","False","MISSING_SECTION"
"archived-courses","vlsi-design","D:\app2\app\archived-courses\vlsi-design\wiki\index.md","False","False","False","False","MISSING_SECTION"
"archived-courses","vlsi-design","D:\app2\app\archived-courses\vlsi-design\wiki\interconnects-delay-modeling.md","False","False","False","False","MISSING_SECTION"
"archived-courses","vlsi-design","D:\app2\app\archived-courses\vlsi-design\wiki\interview-prep.md","False","False","False","False","MISSING_SECTION"
"archived-courses","vlsi-design","D:\app2\app\archived-courses\vlsi-design\wiki\layout-design-rules.md","False","False","False","False","MISSING_SECTION"
"archived-courses","vlsi-design","D:\app2\app\archived-courses\vlsi-design\wiki\logic-synthesis.md","False","False","False","False","MISSING_SECTION"
"archived-courses","vlsi-design","D:\app2\app\archived-courses\vlsi-design\wiki\low-power-design-techniques.md","False","False","False","False","MISSING_SECTION"
"archived-courses","vlsi-design","D:\app2\app\archived-courses\vlsi-design\wiki\memory-design.md","False","False","False","False","MISSING_SECTION"
"archived-courses","vlsi-design","D:\app2\app\archived-courses\vlsi-design\wiki\overview.md","False","False","False","False","MISSING_SECTION"
"archived-courses","vlsi-design","D:\app2\app\archived-courses\vlsi-design\wiki\parasitic-extraction-signoff.md","False","False","False","False","MISSING_SECTION"
"archived-courses","vlsi-design","D:\app2\app\archived-courses\vlsi-design\wiki\physical-design-flow.md","False","False","False","False","MISSING_SECTION"
"archived-courses","vlsi-design","D:\app2\app\archived-courses\vlsi-design\wiki\rtl-design-methodology.md","False","False","False","False","MISSING_SECTION"
"archived-courses","vlsi-design","D:\app2\app\archived-courses\vlsi-design\wiki\sequential-circuits-latches-flipflops.md","False","False","False","False","MISSING_SECTION"
"archived-courses","vlsi-design","D:\app2\app\archived-courses\vlsi-design\wiki\soc-design-amba-axi-protocols.md","False","False","False","False","MISSING_SECTION"
"archived-courses","vlsi-design","D:\app2\app\archived-courses\vlsi-design\wiki\static-timing-analysis.md","False","False","False","False","MISSING_SECTION"
"archived-courses","vlsi-design","D:\app2\app\archived-courses\vlsi-design\wiki\verification-testbenches.md","False","False","False","False","MISSING_SECTION"
"archived-courses","vlsi-design","D:\app2\app\archived-courses\vlsi-design\wiki\verilog-hdl-syntax.md","False","False","False","False","MISSING_SECTION"
"archived-courses","vlsi-design","D:\app2\app\archived-courses\vlsi-design\wiki\vlsi-fabrication-process.md","False","False","False","False","MISSING_SECTION"
"assets/courses","algorithms","D:\app2\app\assets\courses\algorithms\wiki\amortized-analysis.md","True","True","True","False","OK_VISUAL"
"assets/courses","algorithms","D:\app2\app\assets\courses\algorithms\wiki\approximation-algorithms.md","True","True","True","False","OK_VISUAL"
"assets/courses","algorithms","D:\app2\app\assets\courses\algorithms\wiki\asymptotic-analysis.md","True","True","True","False","OK_VISUAL"
"assets/courses","algorithms","D:\app2\app\assets\courses\algorithms\wiki\backtracking.md","True","False","False","False","NO_VISUAL"
"assets/courses","algorithms","D:\app2\app\assets\courses\algorithms\wiki\competitive-programming.md","True","False","False","False","CAPTION_ONLY"
"assets/courses","algorithms","D:\app2\app\assets\courses\algorithms\wiki\complexity-theory.md","True","False","False","False","CAPTION_ONLY"
"assets/courses","algorithms","D:\app2\app\assets\courses\algorithms\wiki\computational-geometry.md","True","False","False","False","CAPTION_ONLY"
"assets/courses","algorithms","D:\app2\app\assets\courses\algorithms\wiki\divide-conquer.md","True","True","True","True","OK_VISUAL"
"assets/courses","algorithms","D:\app2\app\assets\courses\algorithms\wiki\dp-advanced.md","True","False","False","False","CAPTION_ONLY"
"assets/courses","algorithms","D:\app2\app\assets\courses\algorithms\wiki\dynamic-programming.md","True","False","False","False","CAPTION_ONLY"
"assets/courses","algorithms","D:\app2\app\assets\courses\algorithms\wiki\graph-algorithms.md","True","False","False","True","OK_VISUAL"
"assets/courses","algorithms","D:\app2\app\assets\courses\algorithms\wiki\greedy.md","True","False","False","False","CAPTION_ONLY"
"assets/courses","algorithms","D:\app2\app\assets\courses\algorithms\wiki\index.md","False","False","False","False","MISSING_SECTION"
"assets/courses","algorithms","D:\app2\app\assets\courses\algorithms\wiki\interview-prep.md","True","False","False","True","OK_VISUAL"
"assets/courses","algorithms","D:\app2\app\assets\courses\algorithms\wiki\linear-sorting.md","True","True","True","False","OK_VISUAL"
"assets/courses","algorithms","D:\app2\app\assets\courses\algorithms\wiki\minimum-spanning-tree.md","True","False","False","False","CAPTION_ONLY"
"assets/courses","algorithms","D:\app2\app\assets\courses\algorithms\wiki\network-flow.md","True","False","False","False","CAPTION_ONLY"
"assets/courses","algorithms","D:\app2\app\assets\courses\algorithms\wiki\number-theory-algorithms.md","True","False","False","False","NO_VISUAL"
"assets/courses","algorithms","D:\app2\app\assets\courses\algorithms\wiki\online-algorithms.md","True","False","False","False","CAPTION_ONLY"
"assets/courses","algorithms","D:\app2\app\assets\courses\algorithms\wiki\overview.md","True","False","False","True","OK_VISUAL"
"assets/courses","algorithms","D:\app2\app\assets\courses\algorithms\wiki\parallel-algorithms.md","True","True","True","True","OK_VISUAL"
"assets/courses","algorithms","D:\app2\app\assets\courses\algorithms\wiki\placement-guide.md","True","False","False","True","OK_VISUAL"
"assets/courses","algorithms","D:\app2\app\assets\courses\algorithms\wiki\randomized-algorithms.md","True","False","False","True","OK_VISUAL"
"assets/courses","algorithms","D:\app2\app\assets\courses\algorithms\wiki\recurrence-relations.md","True","False","False","True","OK_VISUAL"
"assets/courses","algorithms","D:\app2\app\assets\courses\algorithms\wiki\shortest-path.md","True","False","False","True","OK_VISUAL"
"assets/courses","algorithms","D:\app2\app\assets\courses\algorithms\wiki\sorting-algorithms.md","True","False","False","True","OK_VISUAL"
"assets/courses","algorithms","D:\app2\app\assets\courses\algorithms\wiki\string-algorithms.md","True","False","False","False","NO_VISUAL"
"assets/courses","algorithms","D:\app2\app\assets\courses\algorithms\wiki\suffix-arrays.md","True","False","False","False","CAPTION_ONLY"
"assets/courses","artificial-intelligence","D:\app2\app\assets\courses\artificial-intelligence\wiki\adversarial-search.md","False","False","False","False","MISSING_SECTION"
"assets/courses","artificial-intelligence","D:\app2\app\assets\courses\artificial-intelligence\wiki\ai-ethics.md","False","False","False","False","MISSING_SECTION"
"assets/courses","artificial-intelligence","D:\app2\app\assets\courses\artificial-intelligence\wiki\ai-hardware-accelerators.md","True","False","False","False","CAPTION_ONLY"
"assets/courses","artificial-intelligence","D:\app2\app\assets\courses\artificial-intelligence\wiki\ai-robotics.md","False","False","False","False","MISSING_SECTION"
"assets/courses","artificial-intelligence","D:\app2\app\assets\courses\artificial-intelligence\wiki\ai-safety.md","True","False","False","False","CAPTION_ONLY"
"assets/courses","artificial-intelligence","D:\app2\app\assets\courses\artificial-intelligence\wiki\alpha-beta-enhancements.md","True","False","False","False","CAPTION_ONLY"
"assets/courses","artificial-intelligence","D:\app2\app\assets\courses\artificial-intelligence\wiki\arc-consistency.md","True","False","False","False","CAPTION_ONLY"
"assets/courses","artificial-intelligence","D:\app2\app\assets\courses\artificial-intelligence\wiki\bayesian-networks.md","False","False","False","False","MISSING_SECTION"
"assets/courses","artificial-intelligence","D:\app2\app\assets\courses\artificial-intelligence\wiki\bidirectional-search.md","True","False","False","False","CAPTION_ONLY"
"assets/courses","artificial-intelligence","D:\app2\app\assets\courses\artificial-intelligence\wiki\causal-reasoning.md","True","False","False","True","OK_VISUAL"
"assets/courses","artificial-intelligence","D:\app2\app\assets\courses\artificial-intelligence\wiki\classical-planning-pddl.md","True","False","False","False","CAPTION_ONLY"
"assets/courses","artificial-intelligence","D:\app2\app\assets\courses\artificial-intelligence\wiki\computer-vision-ai.md","False","False","False","False","MISSING_SECTION"
"assets/courses","artificial-intelligence","D:\app2\app\assets\courses\artificial-intelligence\wiki\conditional-independence.md","True","False","False","False","CAPTION_ONLY"
"assets/courses","artificial-intelligence","D:\app2\app\assets\courses\artificial-intelligence\wiki\constraint-satisfaction.md","False","False","False","False","MISSING_SECTION"
"assets/courses","artificial-intelligence","D:\app2\app\assets\courses\artificial-intelligence\wiki\description-logics.md","True","False","False","False","CAPTION_ONLY"
"assets/courses","artificial-intelligence","D:\app2\app\assets\courses\artificial-intelligence\wiki\evolutionary-strategies.md","True","False","False","False","CAPTION_ONLY"
"assets/courses","artificial-intelligence","D:\app2\app\assets\courses\artificial-intelligence\wiki\expert-systems.md","False","False","False","False","MISSING_SECTION"
"assets/courses","artificial-intelligence","D:\app2\app\assets\courses\artificial-intelligence\wiki\explainable-ai.md","True","False","False","False","CAPTION_ONLY"
"assets/courses","artificial-intelligence","D:\app2\app\assets\courses\artificial-intelligence\wiki\federated-learning-ai.md","True","False","False","False","CAPTION_ONLY"
"assets/courses","artificial-intelligence","D:\app2\app\assets\courses\artificial-intelligence\wiki\first-order-logic.md","False","False","False","False","MISSING_SECTION"
"assets/courses","artificial-intelligence","D:\app2\app\assets\courses\artificial-intelligence\wiki\forward-backward-chaining.md","True","False","False","False","CAPTION_ONLY"
"assets/courses","artificial-intelligence","D:\app2\app\assets\courses\artificial-intelligence\wiki\genetic-algorithms.md","False","False","False","False","MISSING_SECTION"
"assets/courses","artificial-intelligence","D:\app2\app\assets\courses\artificial-intelligence\wiki\heuristic-design.md","True","False","False","True","OK_VISUAL"
"assets/courses","artificial-intelligence","D:\app2\app\assets\courses\artificial-intelligence\wiki\hidden-markov-models.md","True","False","False","False","CAPTION_ONLY"
"assets/courses","artificial-intelligence","D:\app2\app\assets\courses\artificial-intelligence\wiki\hierarchical-task-networks.md","True","False","False","False","CAPTION_ONLY"
"assets/courses","artificial-intelligence","D:\app2\app\assets\courses\artificial-intelligence\wiki\image-recognition-ai.md","True","False","False","False","CAPTION_ONLY"
"assets/courses","artificial-intelligence","D:\app2\app\assets\courses\artificial-intelligence\wiki\index.md","False","False","False","False","MISSING_SECTION"
"assets/courses","artificial-intelligence","D:\app2\app\assets\courses\artificial-intelligence\wiki\informed-search.md","False","False","False","False","MISSING_SECTION"
"assets/courses","artificial-intelligence","D:\app2\app\assets\courses\artificial-intelligence\wiki\intelligent-agents.md","False","False","False","False","MISSING_SECTION"
"assets/courses","artificial-intelligence","D:\app2\app\assets\courses\artificial-intelligence\wiki\interview-prep.md","False","False","False","False","MISSING_SECTION"
"assets/courses","artificial-intelligence","D:\app2\app\assets\courses\artificial-intelligence\wiki\kalman-filters.md","True","False","False","False","CAPTION_ONLY"
"assets/courses","artificial-intelligence","D:\app2\app\assets\courses\artificial-intelligence\wiki\knowledge-graphs.md","True","False","False","False","CAPTION_ONLY"
"assets/courses","artificial-intelligence","D:\app2\app\assets\courses\artificial-intelligence\wiki\knowledge-representation.md","False","False","False","False","MISSING_SECTION"
"assets/courses","artificial-intelligence","D:\app2\app\assets\courses\artificial-intelligence\wiki\llm-agents.md","False","False","False","False","MISSING_SECTION"
"assets/courses","artificial-intelligence","D:\app2\app\assets\courses\artificial-intelligence\wiki\local-search-optimization.md","True","False","False","False","CAPTION_ONLY"
"assets/courses","artificial-intelligence","D:\app2\app\assets\courses\artificial-intelligence\wiki\markov-chains.md","True","False","False","False","CAPTION_ONLY"
"assets/courses","artificial-intelligence","D:\app2\app\assets\courses\artificial-intelligence\wiki\markov-decision-processes.md","False","False","False","False","MISSING_SECTION"
"assets/courses","artificial-intelligence","D:\app2\app\assets\courses\artificial-intelligence\wiki\monte-carlo-tree-search.md","True","False","False","False","CAPTION_ONLY"
"assets/courses","artificial-intelligence","D:\app2\app\assets\courses\artificial-intelligence\wiki\multi-agent-systems.md","False","False","False","False","MISSING_SECTION"
"assets/courses","artificial-intelligence","D:\app2\app\assets\courses\artificial-intelligence\wiki\natural-language-processing.md","False","False","False","False","MISSING_SECTION"
"assets/courses","artificial-intelligence","D:\app2\app\assets\courses\artificial-intelligence\wiki\neural-symbolic-integration.md","True","False","False","False","CAPTION_ONLY"
"assets/courses","artificial-intelligence","D:\app2\app\assets\courses\artificial-intelligence\wiki\overview.md","False","False","False","False","MISSING_SECTION"
"assets/courses","artificial-intelligence","D:\app2\app\assets\courses\artificial-intelligence\wiki\particle-filters.md","True","False","False","False","CAPTION_ONLY"
"assets/courses","artificial-intelligence","D:\app2\app\assets\courses\artificial-intelligence\wiki\placement-guide.md","False","False","False","False","MISSING_SECTION"
"assets/courses","artificial-intelligence","D:\app2\app\assets\courses\artificial-intelligence\wiki\planning-ai.md","False","False","False","False","MISSING_SECTION"
"assets/courses","artificial-intelligence","D:\app2\app\assets\courses\artificial-intelligence\wiki\policy-gradient-methods.md","True","False","False","False","CAPTION_ONLY"
"assets/courses","artificial-intelligence","D:\app2\app\assets\courses\artificial-intelligence\wiki\propositional-logic.md","False","False","False","False","MISSING_SECTION"
"assets/courses","artificial-intelligence","D:\app2\app\assets\courses\artificial-intelligence\wiki\q-learning-deep-rl.md","True","False","False","False","CAPTION_ONLY"
"assets/courses","artificial-intelligence","D:\app2\app\assets\courses\artificial-intelligence\wiki\reinforcement-learning.md","False","False","False","False","MISSING_SECTION"
"assets/courses","artificial-intelligence","D:\app2\app\assets\courses\artificial-intelligence\wiki\search-algorithms.md","False","False","False","False","MISSING_SECTION"
"assets/courses","artificial-intelligence","D:\app2\app\assets\courses\artificial-intelligence\wiki\semantic-parsing.md","True","False","False","False","CAPTION_ONLY"
"assets/courses","artificial-intelligence","D:\app2\app\assets\courses\artificial-intelligence\wiki\speech-understanding.md","True","False","False","False","CAPTION_ONLY"
"assets/courses","artificial-intelligence","D:\app2\app\assets\courses\artificial-intelligence\wiki\swarm-intelligence.md","True","False","False","False","CAPTION_ONLY"
"assets/courses","artificial-intelligence","D:\app2\app\assets\courses\artificial-intelligence\wiki\temporal-logic.md","True","False","False","False","CAPTION_ONLY"
"assets/courses","artificial-intelligence","D:\app2\app\assets\courses\artificial-intelligence\wiki\transformer-architecture.md","False","False","False","False","MISSING_SECTION"
"assets/courses","artificial-intelligence","D:\app2\app\assets\courses\artificial-intelligence\wiki\uncertainty-ai.md","False","False","False","False","MISSING_SECTION"
"assets/courses","data-structures","D:\app2\app\assets\courses\data-structures\wiki\arrays-lists.md","False","False","False","False","MISSING_SECTION"
"assets/courses","data-structures","D:\app2\app\assets\courses\data-structures\wiki\avl-trees.md","True","False","False","True","OK_VISUAL"
"assets/courses","data-structures","D:\app2\app\assets\courses\data-structures\wiki\b-trees-and-variants.md","True","False","False","False","CAPTION_ONLY"
"assets/courses","data-structures","D:\app2\app\assets\courses\data-structures\wiki\bfs-dfs-algorithms.md","True","False","False","True","OK_VISUAL"
"assets/courses","data-structures","D:\app2\app\assets\courses\data-structures\wiki\binary-tree-fundamentals.md","True","False","False","False","CAPTION_ONLY"
"assets/courses","data-structures","D:\app2\app\assets\courses\data-structures\wiki\bloom-filters.md","True","False","False","False","CAPTION_ONLY"
"assets/courses","data-structures","D:\app2\app\assets\courses\data-structures\wiki\bst-operations.md","True","False","False","False","CAPTION_ONLY"
"assets/courses","data-structures","D:\app2\app\assets\courses\data-structures\wiki\complexity-analysis.md","True","False","False","False","CAPTION_ONLY"
"assets/courses","data-structures","D:\app2\app\assets\courses\data-structures\wiki\doubly-circular-linked.md","True","False","False","False","CAPTION_ONLY"
"assets/courses","data-structures","D:\app2\app\assets\courses\data-structures\wiki\dynamic-arrays.md","True","False","False","False","CAPTION_ONLY"
"assets/courses","data-structures","D:\app2\app\assets\courses\data-structures\wiki\external-data-structures.md","True","False","False","False","CAPTION_ONLY"
"assets/courses","data-structures","D:\app2\app\assets\courses\data-structures\wiki\fenwick-tree-ds.md","True","False","False","False","CAPTION_ONLY"
"assets/courses","data-structures","D:\app2\app\assets\courses\data-structures\wiki\graph-representation.md","True","False","False","False","CAPTION_ONLY"
"assets/courses","data-structures","D:\app2\app\assets\courses\data-structures\wiki\graphs.md","False","False","False","False","MISSING_SECTION"
"assets/courses","data-structures","D:\app2\app\assets\courses\data-structures\wiki\hash-table-internals.md","True","False","False","True","OK_VISUAL"
"assets/courses","data-structures","D:\app2\app\assets\courses\data-structures\wiki\hash-tables.md","False","False","False","False","MISSING_SECTION"
"assets/courses","data-structures","D:\app2\app\assets\courses\data-structures\wiki\heap-operations.md","True","False","False","True","OK_VISUAL"
"assets/courses","data-structures","D:\app2\app\assets\courses\data-structures\wiki\heaps.md","False","False","False","False","MISSING_SECTION"
"assets/courses","data-structures","D:\app2\app\assets\courses\data-structures\wiki\index.md","False","False","False","False","MISSING_SECTION"
"assets/courses","data-structures","D:\app2\app\assets\courses\data-structures\wiki\matrix-operations.md","True","False","False","False","CAPTION_ONLY"
"assets/courses","data-structures","D:\app2\app\assets\courses\data-structures\wiki\overview.md","False","False","False","False","MISSING_SECTION"
"assets/courses","data-structures","D:\app2\app\assets\courses\data-structures\wiki\persistent-data-structures.md","True","False","False","False","CAPTION_ONLY"
"assets/courses","data-structures","D:\app2\app\assets\courses\data-structures\wiki\placement-guide.md","True","False","False","False","CAPTION_ONLY"
"assets/courses","data-structures","D:\app2\app\assets\courses\data-structures\wiki\queue-deque.md","True","False","False","False","CAPTION_ONLY"
"assets/courses","data-structures","D:\app2\app\assets\courses\data-structures\wiki\recursion-basics.md","True","False","False","False","CAPTION_ONLY"
"assets/courses","data-structures","D:\app2\app\assets\courses\data-structures\wiki\red-black-trees.md","True","False","False","False","CAPTION_ONLY"
"assets/courses","data-structures","D:\app2\app\assets\courses\data-structures\wiki\searching.md","False","False","False","False","MISSING_SECTION"
"assets/courses","data-structures","D:\app2\app\assets\courses\data-structures\wiki\segment-tree-ds.md","True","False","False","False","CAPTION_ONLY"
"assets/courses","data-structures","D:\app2\app\assets\courses\data-structures\wiki\singly-linked-list.md","True","False","False","False","CAPTION_ONLY"
"assets/courses","data-structures","D:\app2\app\assets\courses\data-structures\wiki\skip-list-ds.md","True","False","False","True","OK_VISUAL"
"assets/courses","data-structures","D:\app2\app\assets\courses\data-structures\wiki\sorting.md","False","False","False","False","MISSING_SECTION"
"assets/courses","data-structures","D:\app2\app\assets\courses\data-structures\wiki\stack-implementation.md","True","False","False","False","CAPTION_ONLY"
"assets/courses","data-structures","D:\app2\app\assets\courses\data-structures\wiki\stacks-queues.md","False","False","False","False","MISSING_SECTION"
"assets/courses","data-structures","D:\app2\app\assets\courses\data-structures\wiki\string-operations.md","True","False","False","False","CAPTION_ONLY"
"assets/courses","data-structures","D:\app2\app\assets\courses\data-structures\wiki\trees.md","False","False","False","False","MISSING_SECTION"
"assets/courses","data-structures","D:\app2\app\assets\courses\data-structures\wiki\trie-data-structure.md","True","False","False","False","CAPTION_ONLY"
"assets/courses","data-structures","D:\app2\app\assets\courses\data-structures\wiki\union-find-ds.md","True","False","False","False","CAPTION_ONLY"
"assets/courses","data-structures","D:\app2\app\assets\courses\data-structures\wiki\van-emde-boas.md","True","False","False","False","CAPTION_ONLY"
